param,lv1,lv2,lv3,lv4,catg_nm_full
50004651,식품,축산,돼지고기,국내산돼지고기,축산_돼지고기_국내산돼지고기
50004652,식품,축산,돼지고기,수입산돼지고기,축산_돼지고기_수입산돼지고기
50004653,식품,축산,쇠고기,국내산육우,축산_쇠고기_국내산육우
50004654,식품,축산,쇠고기,한우,축산_쇠고기_한우
50004655,식품,축산,쇠고기,수입산쇠고기,축산_쇠고기_수입산쇠고기
50004656,식품,축산,닭고기,부위별닭고기,축산_닭고기_부위별닭고기
50004657,식품,축산,닭고기,생닭,축산_닭고기_생닭
50000279,식품,축산,오리고기,NA,축산_오리고기_NA
50000280,식품,축산,양고기,NA,축산_양고기_NA
50002457,식품,축산,알류,훈제란,축산_알류_훈제란
50004658,식품,축산,알류,달걀,축산_알류_달걀
50004659,식품,축산,알류,메추리알,축산_알류_메추리알
50004660,식품,축산,알류,오리알,축산_알류_오리알
50002456,식품,축산,축산가공식품,오리훈제,축산_축산가공식품_오리훈제
50004661,식품,축산,축산가공식품,갈비찜,축산_축산가공식품_갈비찜
50004662,식품,축산,축산가공식품,돈가스,축산_축산가공식품_돈가스
50004663,식품,축산,축산가공식품,돈육훈제,축산_축산가공식품_돈육훈제
50004664,식품,축산,축산가공식품,돼지양념육,축산_축산가공식품_돼지양념육
50004665,식품,축산,축산가공식품,쇠고기양념육,축산_축산가공식품_쇠고기양념육
50004666,식품,축산,축산가공식품,닭양념육,축산_축산가공식품_닭양념육
50004667,식품,축산,축산가공식품,오리양념육,축산_축산가공식품_오리양념육
50004668,식품,축산,축산가공식품,떡갈비,축산_축산가공식품_떡갈비
50004669,식품,축산,축산가공식품,베이컨,축산_축산가공식품_베이컨
50004670,식품,축산,축산가공식품,족발,축산_축산가공식품_족발
50004673,식품,축산,축산가공식품,햄,축산_축산가공식품_햄
50004674,식품,축산,축산가공식품,소시지,축산_축산가공식품_소시지
50004675,식품,축산,축산가공식품,순대,축산_축산가공식품_순대
50004676,식품,축산,축산가공식품,육포,축산_축산가공식품_육포
50004678,식품,축산,축산가공식품,삼계탕,축산_축산가공식품_삼계탕
50004679,식품,축산,축산가공식품,닭가공품,축산_축산가공식품_닭가공품
50004680,식품,축산,축산가공식품,오리가공품,축산_축산가공식품_오리가공품
50004681,식품,축산,축산가공식품,기타육가공,축산_축산가공식품_기타육가공
50000215,식품,축산,기타육류,NA,축산_기타육류_NA
50004682,식품,수산,생선,갈치,수산_생선_갈치
50004683,식품,수산,생선,고등어,수산_생선_고등어
50004684,식품,수산,생선,굴비,수산_생선_굴비
50004685,식품,수산,생선,장어,수산_생선_장어
50004686,식품,수산,생선,옥돔,수산_생선_옥돔
50004687,식품,수산,생선,조기,수산_생선_조기
50004688,식품,수산,생선,참치,수산_생선_참치
50004689,식품,수산,생선,동태,수산_생선_동태
50004690,식품,수산,생선,초밥재료,수산_생선_초밥재료
50004691,식품,수산,생선,홍어,수산_생선_홍어
50004692,식품,수산,생선,생선회,수산_생선_생선회
50004693,식품,수산,생선,연어/훈제연어,수산_생선_연어/훈제연어
50004694,식품,수산,생선,기타생선,수산_생선_기타생선
50004695,식품,수산,김/해초,김,수산_김/해초_김
50004696,식품,수산,김/해초,다시마,수산_김/해초_다시마
50004697,식품,수산,김/해초,매생이,수산_김/해초_매생이
50004698,식품,수산,김/해초,미역,수산_김/해초_미역
50004699,식품,수산,김/해초,해초샐러드,수산_김/해초_해초샐러드
50004700,식품,수산,김/해초,기타해초,수산_김/해초_기타해초
50004701,식품,수산,해산물/어패류,전복,수산_해산물/어패류_전복
50004711,식품,수산,해산물/어패류,꽃게,수산_해산물/어패류_꽃게
50004712,식품,수산,해산물/어패류,킹크랩,수산_해산물/어패류_킹크랩
50004719,식품,수산,해산물/어패류,해삼,수산_해산물/어패류_해삼
50004715,식품,수산,해산물/어패류,꼬막,수산_해산물/어패류_꼬막
50004716,식품,수산,해산물/어패류,홍합,수산_해산물/어패류_홍합
50004702,식품,수산,해산물/어패류,새우,수산_해산물/어패류_새우
50004703,식품,수산,해산물/어패류,소라,수산_해산물/어패류_소라
50004704,식품,수산,해산물/어패류,골뱅이,수산_해산물/어패류_골뱅이
50004707,식품,수산,해산물/어패류,문어,수산_해산물/어패류_문어
50004710,식품,수산,해산물/어패류,오징어,수산_해산물/어패류_오징어
50004706,식품,수산,해산물/어패류,낙지,수산_해산물/어패류_낙지
50004708,식품,수산,해산물/어패류,주꾸미,수산_해산물/어패류_주꾸미
50004709,식품,수산,해산물/어패류,조개,수산_해산물/어패류_조개
50004713,식품,수산,해산물/어패류,바닷가재,수산_해산물/어패류_바닷가재
50004714,식품,수산,해산물/어패류,굴,수산_해산물/어패류_굴
50004717,식품,수산,해산물/어패류,멍게,수산_해산물/어패류_멍게
50004720,식품,수산,해산물/어패류,날치알,수산_해산물/어패류_날치알
50004726,식품,수산,해산물/어패류,기타해산물,수산_해산물/어패류_기타해산물
50007076,식품,수산,해산물/어패류,대게/홍게,수산_해산물/어패류_대게/홍게
50007077,식품,수산,해산물/어패류,가리비,수산_해산물/어패류_가리비
50002458,식품,수산,젓갈,대하장,수산_젓갈_대하장
50004727,식품,수산,젓갈,명란젓,수산_젓갈_명란젓
50004728,식품,수산,젓갈,새우젓,수산_젓갈_새우젓
50004729,식품,수산,젓갈,오징어젓,수산_젓갈_오징어젓
50004730,식품,수산,젓갈,낙지젓,수산_젓갈_낙지젓
50004731,식품,수산,젓갈,조개젓,수산_젓갈_조개젓
50004732,식품,수산,젓갈,창난젓,수산_젓갈_창난젓
50004733,식품,수산,젓갈,토하젓,수산_젓갈_토하젓
50004734,식품,수산,젓갈,게장,수산_젓갈_게장
50004735,식품,수산,젓갈,젓갈선물세트,수산_젓갈_젓갈선물세트
50004736,식품,수산,젓갈,기타젓갈,수산_젓갈_기타젓갈
50004737,식품,수산,건어물,멸치,수산_건어물_멸치
50004738,식품,수산,건어물,쥐포,수산_건어물_쥐포
50004739,식품,수산,건어물,오징어,수산_건어물_오징어
50004740,식품,수산,건어물,한치,수산_건어물_한치
50004741,식품,수산,건어물,문어,수산_건어물_문어
50004742,식품,수산,건어물,건새우,수산_건어물_건새우
50004743,식품,수산,건어물,과메기,수산_건어물_과메기
50004744,식품,수산,건어물,노가리,수산_건어물_노가리
50004746,식품,수산,건어물,진미채,수산_건어물_진미채
50004747,식품,수산,건어물,황태,수산_건어물_황태
50004748,식품,수산,건어물,기타건어물,수산_건어물_기타건어물
50002207,식품,농산물,채소,배추,농산물_채소_배추
50002203,식품,농산물,채소,마늘,농산물_채소_마늘
50002196,식품,농산물,채소,오이,농산물_채소_오이
50002218,식품,농산물,채소,도라지,농산물_채소_도라지
50002222,식품,농산물,채소,무,농산물_채소_무
50002214,식품,농산물,채소,고구마,농산물_채소_고구마
50002197,식품,농산물,채소,애호박,농산물_채소_애호박
50002198,식품,농산물,채소,단호박,농산물_채소_단호박
50002199,식품,농산물,채소,가지,농산물_채소_가지
50002200,식품,농산물,채소,양파,농산물_채소_양파
50002201,식품,농산물,채소,대파,농산물_채소_대파
50002202,식품,농산물,채소,쪽파,농산물_채소_쪽파
50002217,식품,농산물,채소,더덕,농산물_채소_더덕
50002221,식품,농산물,채소,우엉,농산물_채소_우엉
50002204,식품,농산물,채소,고추,농산물_채소_고추
50002205,식품,농산물,채소,버섯,농산물_채소_버섯
50002206,식품,농산물,채소,생강,농산물_채소_생강
50002208,식품,농산물,채소,양배추,농산물_채소_양배추
50002209,식품,농산물,채소,상추,농산물_채소_상추
50002211,식품,농산물,채소,쌈채소,농산물_채소_쌈채소
50002212,식품,농산물,채소,시금치,농산물_채소_시금치
50002215,식품,농산물,채소,감자,농산물_채소_감자
50002216,식품,농산물,채소,당근,농산물_채소_당근
50002220,식품,농산물,채소,연근,농산물_채소_연근
50002223,식품,농산물,채소,열무,농산물_채소_열무
50002224,식품,농산물,채소,마,농산물_채소_마
50002226,식품,농산물,채소,부추,농산물_채소_부추
50002227,식품,농산물,채소,피망/파프리카,농산물_채소_피망/파프리카
50002228,식품,농산물,채소,새싹채소,농산물_채소_새싹채소
50002229,식품,농산물,채소,아스파라거스,농산물_채소_아스파라거스
50002231,식품,농산물,채소,죽순,농산물_채소_죽순
50002233,식품,농산물,채소,알로에,농산물_채소_알로에
50002234,식품,농산물,채소,기타채소류,농산물_채소_기타채소류
50002460,식품,농산물,채소,브로콜리,농산물_채소_브로콜리
50002461,식품,농산물,채소,건나물,농산물_채소_건나물
50002462,식품,농산물,채소,산나물,농산물_채소_산나물
50002463,식품,농산물,채소,삶은나물,농산물_채소_삶은나물
50004749,식품,농산물,쌀,백미,농산물_쌀_백미
50004750,식품,농산물,쌀,찹쌀,농산물_쌀_찹쌀
50004751,식품,농산물,쌀,현미,농산물_쌀_현미
50004752,식품,농산물,쌀,흑미,농산물_쌀_흑미
50004754,식품,농산물,쌀,기능성쌀,농산물_쌀_기능성쌀
50004755,식품,농산물,잡곡/혼합곡,보리,농산물_잡곡/혼합곡_보리
50002148,식품,농산물,잡곡/혼합곡,율무,농산물_잡곡/혼합곡_율무
50002149,식품,농산물,잡곡/혼합곡,녹두,농산물_잡곡/혼합곡_녹두
50002150,식품,농산물,잡곡/혼합곡,들깨,농산물_잡곡/혼합곡_들깨
50002151,식품,농산물,잡곡/혼합곡,참깨,농산물_잡곡/혼합곡_참깨
50002152,식품,농산물,잡곡/혼합곡,메밀,농산물_잡곡/혼합곡_메밀
50002153,식품,농산물,잡곡/혼합곡,옥수수,농산물_잡곡/혼합곡_옥수수
50002154,식품,농산물,잡곡/혼합곡,수수,농산물_잡곡/혼합곡_수수
50002155,식품,농산물,잡곡/혼합곡,기장,농산물_잡곡/혼합곡_기장
50002156,식품,농산물,잡곡/혼합곡,콩,농산물_잡곡/혼합곡_콩
50002157,식품,농산물,잡곡/혼합곡,팥,농산물_잡곡/혼합곡_팥
50002158,식품,농산물,잡곡/혼합곡,혼합곡,농산물_잡곡/혼합곡_혼합곡
50002159,식품,농산물,잡곡/혼합곡,기타잡곡,농산물_잡곡/혼합곡_기타잡곡
50002160,식품,농산물,과일,사과,농산물_과일_사과
50002161,식품,농산물,과일,배,농산물_과일_배
50002162,식품,농산물,과일,토마토,농산물_과일_토마토
50002163,식품,농산물,과일,감귤,농산물_과일_감귤
50002164,식품,농산물,과일,딸기,농산물_과일_딸기
50002173,식품,농산물,과일,블루베리,농산물_과일_블루베리
50002189,식품,농산물,과일,석류,농산물_과일_석류
50002167,식품,농산물,과일,감,농산물_과일_감
50002169,식품,농산물,과일,매실,농산물_과일_매실
50002170,식품,농산물,과일,멜론,농산물_과일_멜론
50002172,식품,농산물,과일,복분자,농산물_과일_복분자
50002175,식품,농산물,과일,수박,농산물_과일_수박
50002176,식품,농산물,과일,키위/참다래,농산물_과일_키위/참다래
50002177,식품,농산물,과일,참외,농산물_과일_참외
50002178,식품,농산물,과일,천혜향,농산물_과일_천혜향
50002179,식품,농산물,과일,한라봉,농산물_과일_한라봉
50002180,식품,농산물,과일,포도,농산물_과일_포도
50002181,식품,농산물,과일,자두,농산물_과일_자두
50002183,식품,농산물,과일,복숭아,농산물_과일_복숭아
50002184,식품,농산물,과일,리치,농산물_과일_리치
50002185,식품,농산물,과일,체리,농산물_과일_체리
50002186,식품,농산물,과일,레몬,농산물_과일_레몬
50002187,식품,농산물,과일,망고,농산물_과일_망고
50002188,식품,농산물,과일,바나나,농산물_과일_바나나
50002190,식품,농산물,과일,오렌지,농산물_과일_오렌지
50002191,식품,농산물,과일,자몽,농산물_과일_자몽
50002192,식품,농산물,과일,파인애플,농산물_과일_파인애플
50007220,식품,농산물,과일,아보카도,농산물_과일_아보카도
50002193,식품,농산물,과일,기타과일,농산물_과일_기타과일
50002194,식품,농산물,과일,과일바구니,농산물_과일_과일바구니
50002195,식품,농산물,과일,혼합과일세트,농산물_과일_혼합과일세트
50002235,식품,농산물,견과류,호두,농산물_견과류_호두
50002236,식품,농산물,견과류,땅콩,농산물_견과류_땅콩
50002237,식품,농산물,견과류,밤,농산물_견과류_밤
50002238,식품,농산물,견과류,대추,농산물_견과류_대추
50002239,식품,농산물,견과류,은행,농산물_견과류_은행
50002240,식품,농산물,견과류,아몬드,농산물_견과류_아몬드
50002241,식품,농산물,견과류,잣,농산물_견과류_잣
50002242,식품,농산물,견과류,캐슈너트,농산물_견과류_캐슈너트
50002243,식품,농산물,견과류,해바라기씨,농산물_견과류_해바라기씨
50002244,식품,농산물,견과류,마카다미아,농산물_견과류_마카다미아
50002245,식품,농산물,견과류,피스타치오,농산물_견과류_피스타치오
50002246,식품,농산물,견과류,피칸,농산물_견과류_피칸
50002247,식품,농산물,견과류,호박씨,농산물_견과류_호박씨
50002249,식품,농산물,견과류,기타견과류,농산물_견과류_기타견과류
50002449,식품,농산물,건과류,감말랭이,농산물_건과류_감말랭이
50002450,식품,농산물,건과류,건망고,농산물_건과류_건망고
50002451,식품,농산물,건과류,건바나나,농산물_건과류_건바나나
50002452,식품,농산물,건과류,건자두,농산물_건과류_건자두
50002453,식품,농산물,건과류,건포도,농산물_건과류_건포도
50002454,식품,농산물,건과류,곶감,농산물_건과류_곶감
50002455,식품,농산물,건과류,기타건과류,농산물_건과류_기타건과류
50001916,식품,반찬,장아찌,NA,반찬_장아찌_NA
50001917,식품,반찬,장조림,NA,반찬_장조림_NA
50002015,식품,반찬,절임류,NA,반찬_절임류_NA
50002016,식품,반찬,조림류,NA,반찬_조림류_NA
50002017,식품,반찬,반찬세트,NA,반찬_반찬세트_NA
50002018,식품,반찬,기타반찬류,NA,반찬_기타반찬류_NA
50002019,식품,김치,포기김치,NA,김치_포기김치_NA
50002020,식품,김치,갓김치,NA,김치_갓김치_NA
50002021,식품,김치,총각김치,NA,김치_총각김치_NA
50002022,식품,김치,깍두기,NA,김치_깍두기_NA
50002023,식품,김치,겉절이,NA,김치_겉절이_NA
50002024,식품,김치,나박김치,NA,김치_나박김치_NA
50002025,식품,김치,동치미,NA,김치_동치미_NA
50002026,식품,김치,묵은지,NA,김치_묵은지_NA
50002027,식품,김치,백김치,NA,김치_백김치_NA
50002028,식품,김치,열무김치,NA,김치_열무김치_NA
50002030,식품,김치,별미김치,NA,김치_별미김치_NA
50002031,식품,김치,절임배추,NA,김치_절임배추_NA
50002029,식품,김치,파김치,NA,김치_파김치_NA
50002032,식품,음료,생수,NA,음료_생수_NA
50002033,식품,음료,탄산수,NA,음료_탄산수_NA
50002250,식품,음료,청량/탄산음료,과즙탄산음료,음료_청량/탄산음료_과즙탄산음료
50002251,식품,음료,청량/탄산음료,에이드음료,음료_청량/탄산음료_에이드음료
50002252,식품,음료,청량/탄산음료,무알콜음료,음료_청량/탄산음료_무알콜음료
50002253,식품,음료,청량/탄산음료,사이다,음료_청량/탄산음료_사이다
50002254,식품,음료,청량/탄산음료,콜라,음료_청량/탄산음료_콜라
50002255,식품,음료,청량/탄산음료,아이스티,음료_청량/탄산음료_아이스티
50002256,식품,음료,청량/탄산음료,이온음료,음료_청량/탄산음료_이온음료
50002257,식품,음료,청량/탄산음료,기타탄산음료,음료_청량/탄산음료_기타탄산음료
50002258,식품,음료,주스/과즙음료,감귤주스,음료_주스/과즙음료_감귤주스
50002259,식품,음료,주스/과즙음료,오렌지주스,음료_주스/과즙음료_오렌지주스
50002260,식품,음료,주스/과즙음료,사과주스,음료_주스/과즙음료_사과주스
50002261,식품,음료,주스/과즙음료,망고주스,음료_주스/과즙음료_망고주스
50002262,식품,음료,주스/과즙음료,자몽주스,음료_주스/과즙음료_자몽주스
50002263,식품,음료,주스/과즙음료,토마토주스,음료_주스/과즙음료_토마토주스
50002264,식품,음료,주스/과즙음료,포도주스,음료_주스/과즙음료_포도주스
50002265,식품,음료,주스/과즙음료,기타과즙음료,음료_주스/과즙음료_기타과즙음료
50002266,식품,음료,커피,원두/생두,음료_커피_원두/생두
50002605,식품,음료,커피,커피음료,음료_커피_커피음료
50002606,식품,음료,커피,커피믹스/인스턴트커피,음료_커피_커피믹스/인스턴트커피
50002607,식품,음료,커피,프림,음료_커피_프림
50005541,식품,음료,커피,더치커피,음료_커피_더치커피
50009600,식품,음료,커피,캡슐커피,음료_커피_캡슐커피
50002267,식품,음료,차류,코코아,음료_차류_코코아
50002268,식품,음료,차류,녹차,음료_차류_녹차
50002380,식품,음료,차류,홍차,음료_차류_홍차
50002381,식품,음료,차류,허브차,음료_차류_허브차
50002382,식품,음료,차류,보이차,음료_차류_보이차
50002384,식품,음료,차류,기타차,음료_차류_기타차
50002594,식품,음료,차류,옥수수수염차,음료_차류_옥수수수염차
50002595,식품,음료,차류,유자차,음료_차류_유자차
50002596,식품,음료,차류,율무차,음료_차류_율무차
50006197,식품,음료,차류,우엉차,음료_차류_우엉차
50001999,식품,과자,쿠키,NA,과자_쿠키_NA
50002000,식품,과자,초콜릿,NA,과자_초콜릿_NA
50002001,식품,과자,사탕,NA,과자_사탕_NA
50001998,식품,과자,스낵,NA,과자_스낵_NA
50002002,식품,과자,껌,NA,과자_껌_NA
50001762,식품,과자,엿,NA,과자_엿_NA
50001763,식품,과자,젤리,NA,과자_젤리_NA
50001764,식품,과자,푸딩,NA,과자_푸딩_NA
50001765,식품,과자,캐러멜,NA,과자_캐러멜_NA
50001918,식품,과자,팝콘/강냉이,NA,과자_팝콘/강냉이_NA
50001919,식품,과자,강정,NA,과자_강정_NA
50002003,식품,과자,한과,NA,과자_한과_NA
50002004,식품,과자,전병,NA,과자_전병_NA
50002005,식품,과자,화과자,NA,과자_화과자_NA
50001920,식품,과자,가공안주류,NA,과자_가공안주류_NA
50001921,식품,과자,기타과자,NA,과자_기타과자_NA
50001865,식품,아이스크림/빙수,아이스크림,NA,아이스크림/빙수_아이스크림_NA
50001866,식품,아이스크림/빙수,빙수/빙수재료,NA,아이스크림/빙수_빙수/빙수재료_NA
50002385,식품,가공식품,라면,봉지라면,가공식품_라면_봉지라면
50002386,식품,가공식품,라면,컵라면,가공식품_라면_컵라면
50002387,식품,가공식품,면류,국수면,가공식품_면류_국수면
50002388,식품,가공식품,면류,당면,가공식품_면류_당면
50002389,식품,가공식품,면류,스파게티면,가공식품_면류_스파게티면
50002390,식품,가공식품,면류,냉면,가공식품_면류_냉면
50002391,식품,가공식품,면류,칼국수면,가공식품_면류_칼국수면
50002392,식품,가공식품,면류,소바,가공식품_면류_소바
50002393,식품,가공식품,면류,우동,가공식품_면류_우동
50002394,식품,가공식품,면류,쫄면,가공식품_면류_쫄면
50002598,식품,가공식품,면류,쌀국수면,가공식품_면류_쌀국수면
50002599,식품,가공식품,면류,소면,가공식품_면류_소면
50002395,식품,가공식품,치즈,슬라이스치즈,가공식품_치즈_슬라이스치즈
50002396,식품,가공식품,치즈,피자치즈,가공식품_치즈_피자치즈
50002397,식품,가공식품,치즈,크림치즈,가공식품_치즈_크림치즈
50002398,식품,가공식품,치즈,기타치즈,가공식품_치즈_기타치즈
50002399,식품,가공식품,조미료,고춧가루,가공식품_조미료_고춧가루
50002400,식품,가공식품,조미료,식초,가공식품_조미료_식초
50002401,식품,가공식품,조미료,액젓,가공식품_조미료_액젓
50002402,식품,가공식품,조미료,고추냉이,가공식품_조미료_고추냉이
50002403,식품,가공식품,조미료,후추,가공식품_조미료_후추
50002404,식품,가공식품,조미료,기타조미료,가공식품_조미료_기타조미료
50007147,식품,가공식품,조미료,겨자,가공식품_조미료_겨자
50002405,식품,가공식품,식용유/오일,식용유,가공식품_식용유/오일_식용유
50002406,식품,가공식품,식용유/오일,올리브유,가공식품_식용유/오일_올리브유
50002407,식품,가공식품,식용유/오일,카놀라유,가공식품_식용유/오일_카놀라유
50002408,식품,가공식품,식용유/오일,포도씨유,가공식품_식용유/오일_포도씨유
50002409,식품,가공식품,식용유/오일,해바라기씨유,가공식품_식용유/오일_해바라기씨유
50002410,식품,가공식품,식용유/오일,들기름,가공식품_식용유/오일_들기름
50002411,식품,가공식품,식용유/오일,참기름,가공식품_식용유/오일_참기름
50002412,식품,가공식품,식용유/오일,기타기름,가공식품_식용유/오일_기타기름
50002413,식품,가공식품,장류,고추장,가공식품_장류_고추장
50002414,식품,가공식품,장류,된장,가공식품_장류_된장
50002415,식품,가공식품,장류,간장,가공식품_장류_간장
50002416,식품,가공식품,장류,청국장,가공식품_장류_청국장
50002417,식품,가공식품,장류,쌈장,가공식품_장류_쌈장
50002418,식품,가공식품,장류,양념장,가공식품_장류_양념장
50002419,식품,가공식품,장류,메주,가공식품_장류_메주
50002420,식품,가공식품,장류,기타장류,가공식품_장류_기타장류
50002421,식품,가공식품,소스,마요네즈,가공식품_소스_마요네즈
50002422,식품,가공식품,소스,케첩,가공식품_소스_케첩
50002423,식품,가공식품,소스,스파게티소스,가공식품_소스_스파게티소스
50002424,식품,가공식품,소스,기타소스,가공식품_소스_기타소스
50002600,식품,가공식품,수산가공식품,맛살/게살,가공식품_수산가공식품_맛살/게살
50002601,식품,가공식품,수산가공식품,해물볶음류,가공식품_수산가공식품_해물볶음류
50002602,식품,가공식품,수산가공식품,해물찜류,가공식품_수산가공식품_해물찜류
50002603,식품,가공식품,수산가공식품,해물탕류,가공식품_수산가공식품_해물탕류
50002604,식품,가공식품,수산가공식품,해물튀김류,가공식품_수산가공식품_해물튀김류
50001755,식품,가공식품,물엿,NA,가공식품_물엿_NA
50001756,식품,가공식품,요구르트,NA,가공식품_요구르트_NA
50001757,식품,가공식품,생크림,NA,가공식품_생크림_NA
50001758,식품,가공식품,마가린,NA,가공식품_마가린_NA
50001759,식품,가공식품,버터,NA,가공식품_버터_NA
50001760,식품,가공식품,누룽지,NA,가공식품_누룽지_NA
50001761,식품,가공식품,스프,NA,가공식품_스프_NA
50001881,식품,가공식품,오트밀,NA,가공식품_오트밀_NA
50001882,식품,가공식품,통조림,NA,가공식품_통조림_NA
50001883,식품,가공식품,밀가루,NA,가공식품_밀가루_NA
50001884,식품,가공식품,설탕,NA,가공식품_설탕_NA
50001885,식품,가공식품,소금,NA,가공식품_소금_NA
50001886,식품,가공식품,시럽,NA,가공식품_시럽_NA
50001887,식품,가공식품,잼,NA,가공식품_잼_NA
50001888,식품,가공식품,떡,NA,가공식품_떡_NA
50001889,식품,가공식품,빵,NA,가공식품_빵_NA
50001890,식품,가공식품,케이크,NA,가공식품_케이크_NA
50001891,식품,가공식품,즉석밥,NA,가공식품_즉석밥_NA
50001892,식품,가공식품,죽,NA,가공식품_죽_NA
50002006,식품,가공식품,우유,NA,가공식품_우유_NA
50002007,식품,가공식품,두유,NA,가공식품_두유_NA
50002008,식품,가공식품,시리얼,NA,가공식품_시리얼_NA
50001753,식품,가공식품,튀김가루,NA,가공식품_튀김가루_NA
50001879,식품,가공식품,부침가루,NA,가공식품_부침가루_NA
50001880,식품,가공식품,빵가루,NA,가공식품_빵가루_NA
50001754,식품,가공식품,기타분말가루,NA,가공식품_기타분말가루_NA
50001894,식품,가공식품,간편조리식,NA,가공식품_간편조리식_NA
50001895,식품,가공식품,제과/제빵재료,NA,가공식품_제과/제빵재료_NA
50006198,식품,가공식품,파우더/스무디,NA,가공식품_파우더/스무디_NA
50006809,식품,가공식품,쿠킹박스,밥/죽,가공식품_쿠킹박스_밥/죽
50006810,식품,가공식품,쿠킹박스,찌개/국,가공식품_쿠킹박스_찌개/국
50006811,식품,가공식품,쿠킹박스,면/파스타,가공식품_쿠킹박스_면/파스타
50006812,식품,가공식품,쿠킹박스,구이,가공식품_쿠킹박스_구이
50006813,식품,가공식품,쿠킹박스,볶음/튀김,가공식품_쿠킹박스_볶음/튀김
50006814,식품,가공식품,쿠킹박스,조림/찜,가공식품_쿠킹박스_조림/찜
50006815,식품,가공식품,쿠킹박스,간식/디저트,가공식품_쿠킹박스_간식/디저트
50006816,식품,가공식품,쿠킹박스,세트요리,가공식품_쿠킹박스_세트요리
50001867,식품,냉동/간편조리식품,피자,NA,냉동/간편조리식품_피자_NA
50001868,식품,냉동/간편조리식품,핫도그,NA,냉동/간편조리식품_핫도그_NA
50001869,식품,냉동/간편조리식품,햄버거,NA,냉동/간편조리식품_햄버거_NA
50001870,식품,냉동/간편조리식품,딤섬,NA,냉동/간편조리식품_딤섬_NA
50001871,식품,냉동/간편조리식품,만두,NA,냉동/간편조리식품_만두_NA
50001872,식품,냉동/간편조리식품,채식푸드,NA,냉동/간편조리식품_채식푸드_NA
50001873,식품,냉동/간편조리식품,샐러드,NA,냉동/간편조리식품_샐러드_NA
50001874,식품,냉동/간편조리식품,어묵,NA,냉동/간편조리식품_어묵_NA
50001876,식품,냉동/간편조리식품,즉석국/즉석탕,NA,냉동/간편조리식품_즉석국/즉석탕_NA
50001877,식품,냉동/간편조리식품,튀김류,NA,냉동/간편조리식품_튀김류_NA
50001878,식품,냉동/간편조리식품,기타냉동/간편조리식품,NA,냉동/간편조리식품_기타냉동/간편조리식품_NA
50006199,식품,냉동/간편조리식품,도시락,NA,냉동/간편조리식품_도시락_NA
50001897,식품,건강식품,건강음료,NA,건강식품_건강음료_NA
50001899,식품,건강식품,건강환/정,NA,건강식품_건강환/정_NA
50001900,식품,건강식품,건강분말,NA,건강식품_건강분말_NA
50002425,식품,건강식품,비타민제,멀티비타민,건강식품_비타민제_멀티비타민
50002426,식품,건강식품,비타민제,비타민A,건강식품_비타민제_비타민A
50002427,식품,건강식품,비타민제,비타민B,건강식품_비타민제_비타민B
50002428,식품,건강식품,비타민제,비타민C,건강식품_비타민제_비타민C
50002429,식품,건강식품,비타민제,기타비타민,건강식품_비타민제_기타비타민
50007042,식품,건강식품,비타민제,비타민D,건강식품_비타민제_비타민D
50007043,식품,건강식품,비타민제,비타민E,건강식품_비타민제_비타민E
50007044,식품,건강식품,비타민제,비오틴,건강식품_비타민제_비오틴
50001901,식품,건강식품,홍삼,NA,건강식품_홍삼_NA
50001902,식품,건강식품,인삼,NA,건강식품_인삼_NA
50002430,식품,건강식품,한방재료,가시오가피,건강식품_한방재료_가시오가피
50002431,식품,건강식품,한방재료,감초,건강식품_한방재료_감초
50002432,식품,건강식품,한방재료,계피,건강식품_한방재료_계피
50002433,식품,건강식품,한방재료,구기자,건강식품_한방재료_구기자
50002434,식품,건강식품,한방재료,녹용,건강식품_한방재료_녹용
50002435,식품,건강식품,한방재료,산수유,건강식품_한방재료_산수유
50002436,식품,건강식품,한방재료,오미자,건강식품_한방재료_오미자
50002437,식품,건강식품,한방재료,헛개나무,건강식품_한방재료_헛개나무
50002438,식품,건강식품,한방재료,황기,건강식품_한방재료_황기
50002622,식품,건강식품,한방재료,기타한방재료,건강식품_한방재료_기타한방재료
50001905,식품,건강식품,꿀,NA,건강식품_꿀_NA
50002439,식품,건강식품,영양제,로얄제리,건강식품_영양제_로얄제리
50002440,식품,건강식품,영양제,엽산,건강식품_영양제_엽산
50002441,식품,건강식품,영양제,아연,건강식품_영양제_아연
50002442,식품,건강식품,영양제,철분,건강식품_영양제_철분
50002443,식품,건강식품,영양제,칼슘,건강식품_영양제_칼슘
50002444,식품,건강식품,영양제,마그네슘,건강식품_영양제_마그네슘
50002445,식품,건강식품,영양제,프로폴리스,건강식품_영양제_프로폴리스
50002446,식품,건강식품,영양제,글루코사민,건강식품_영양제_글루코사민
50002447,식품,건강식품,영양제,오메가3,건강식품_영양제_오메가3
50002448,식품,건강식품,영양제,감마리놀렌산,건강식품_영양제_감마리놀렌산
50002608,식품,건강식품,영양제,루테인,건강식품_영양제_루테인
50002609,식품,건강식품,영양제,스쿠알렌,건강식품_영양제_스쿠알렌
50002610,식품,건강식품,영양제,쏘팔메토,건강식품_영양제_쏘팔메토
50002612,식품,건강식품,영양제,키토산,건강식품_영양제_키토산
50002613,식품,건강식품,영양제,환자식/영양보충식,건강식품_영양제_환자식/영양보충식
50002614,식품,건강식품,영양제,효모,건강식품_영양제_효모
50002615,식품,건강식품,영양제,기타건강보조식품,건강식품_영양제_기타건강보조식품
50002616,식품,건강식품,영양제,알로에정/겔,건강식품_영양제_알로에정/겔
50002617,식품,건강식품,영양제,코큐텐,건강식품_영양제_코큐텐
50002620,식품,건강식품,영양제,스피루리나,건강식품_영양제_스피루리나
50002621,식품,건강식품,영양제,클로렐라,건강식품_영양제_클로렐라
50007030,식품,건강식품,영양제,프로바이오틱스,건강식품_영양제_프로바이오틱스
50007218,식품,건강식품,영양제,프리바이오틱스,건강식품_영양제_프리바이오틱스
50007031,식품,건강식품,영양제,밀크씨슬,건강식품_영양제_밀크씨슬
50007032,식품,건강식품,영양제,폴리코사놀,건강식품_영양제_폴리코사놀
50007033,식품,건강식품,영양제,보스웰리아,건강식품_영양제_보스웰리아
50007034,식품,건강식품,영양제,셀레늄,건강식품_영양제_셀레늄
50007035,식품,건강식품,영양제,칼륨,건강식품_영양제_칼륨
50007036,식품,건강식품,영양제,MSM,건강식품_영양제_MSM
50007528,식품,건강식품,영양제,크릴오일,건강식품_영양제_크릴오일
50007001,식품,건강식품,건강즙,양배추즙,건강식품_건강즙_양배추즙
50007002,식품,건강식품,건강즙,양파즙,건강식품_건강즙_양파즙
50007003,식품,건강식품,건강즙,호박즙,건강식품_건강즙_호박즙
50007004,식품,건강식품,건강즙,비트즙,건강식품_건강즙_비트즙
50007005,식품,건강식품,건강즙,칡즙,건강식품_건강즙_칡즙
50007006,식품,건강식품,건강즙,토마토즙,건강식품_건강즙_토마토즙
50007007,식품,건강식품,건강즙,기타건강즙,건강식품_건강즙_기타건강즙
50007009,식품,건강식품,과일즙,석류즙,건강식품_과일즙_석류즙
50007010,식품,건강식품,과일즙,사과즙,건강식품_과일즙_사과즙
50007011,식품,건강식품,과일즙,포도즙,건강식품_과일즙_포도즙
50007012,식품,건강식품,과일즙,아로니아즙,건강식품_과일즙_아로니아즙
50007013,식품,건강식품,과일즙,배즙,건강식품_과일즙_배즙
50007014,식품,건강식품,과일즙,블루베리즙,건강식품_과일즙_블루베리즙
50007015,식품,건강식품,과일즙,기타과일즙,건강식품_과일즙_기타과일즙
50001907,식품,다이어트식품,다이어트차,NA,다이어트식품_다이어트차_NA
50001910,식품,다이어트식품,다이어트바,NA,다이어트식품_다이어트바_NA
50001911,식품,다이어트식품,가르시니아,NA,다이어트식품_가르시니아_NA
50001908,식품,다이어트식품,식이섬유,NA,다이어트식품_식이섬유_NA
50001912,식품,다이어트식품,CLA,NA,다이어트식품_CLA_NA
50001914,식품,다이어트식품,헬스보충제,NA,다이어트식품_헬스보충제_NA
50001915,식품,다이어트식품,뷰티푸드,NA,다이어트식품_뷰티푸드_NA
50001767,식품,다이어트식품,기타다이어트식품,NA,다이어트식품_기타다이어트식품_NA
50006954,식품,다이어트식품,곤약,곤약쌀,다이어트식품_곤약_곤약쌀
50006955,식품,다이어트식품,곤약,곤약젤리,다이어트식품_곤약_곤약젤리
50006957,식품,다이어트식품,곤약,기타곤약가공품,다이어트식품_곤약_기타곤약가공품
50007037,식품,다이어트식품,콜라겐,NA,다이어트식품_콜라겐_NA
50007038,식품,다이어트식품,와일드망고,NA,다이어트식품_와일드망고_NA
50007039,식품,다이어트식품,잔티젠,NA,다이어트식품_잔티젠_NA
50007040,식품,다이어트식품,카테킨,NA,다이어트식품_카테킨_NA
50007041,식품,다이어트식품,히알루론산,NA,다이어트식품_히알루론산_NA
50007219,식품,다이어트식품,레몬밤,NA,다이어트식품_레몬밤_NA
50006350,식품,전통주,탁주,NA,전통주_탁주_NA
50006351,식품,전통주,약주,NA,전통주_약주_NA
50006353,식품,전통주,소주,NA,전통주_소주_NA
50006354,식품,전통주,일반증류주,NA,전통주_일반증류주_NA
50006355,식품,전통주,리큐르주,NA,전통주_리큐르주_NA
50006356,식품,전통주,기타주류,NA,전통주_기타주류_NA
50006949,식품,전통주,과실주,와인,전통주_과실주_와인
50006950,식품,전통주,과실주,복분자주,전통주_과실주_복분자주
50006951,식품,전통주,과실주,과일주,전통주_과실주_과일주
50006952,식품,전통주,전통주선물세트,NA,전통주_전통주선물세트_NA
